<?xml version="1.0" encoding="UTF-8"?>

<mule xmlns:file="http://www.mulesoft.org/schema/mule/file" xmlns:http="http://www.mulesoft.org/schema/mule/http" xmlns:jms="http://www.mulesoft.org/schema/mule/jms" xmlns="http://www.mulesoft.org/schema/mule/core" xmlns:doc="http://www.mulesoft.org/schema/mule/documentation"
	xmlns:spring="http://www.springframework.org/schema/beans" 
	xmlns:xsi="http://www.w3.org/2001/XMLSchema-instance"
	xsi:schemaLocation="http://www.springframework.org/schema/beans http://www.springframework.org/schema/beans/spring-beans-current.xsd
http://www.mulesoft.org/schema/mule/core http://www.mulesoft.org/schema/mule/core/current/mule.xsd
http://www.mulesoft.org/schema/mule/http http://www.mulesoft.org/schema/mule/http/current/mule-http.xsd
http://www.mulesoft.org/schema/mule/jms http://www.mulesoft.org/schema/mule/jms/current/mule-jms.xsd
http://www.mulesoft.org/schema/mule/file http://www.mulesoft.org/schema/mule/file/current/mule-file.xsd">
    <http:listener-config name="HTTP_Listener_Configuration" host="0.0.0.0" port="8081" doc:name="HTTP Listener Configuration"/>
    <jms:activemq-connector name="Active_MQ" specification="1.1" username="admin" password="admin" brokerURL="tcp://localhost:61616" validateConnections="true" doc:name="Active MQ"/>
    <jms:activemq-connector name="Active_MQ1" brokerURL="tcp://localhost:61616" validateConnections="true" doc:name="Active MQ"/>
    <jms:activemq-connector name="Active_MQ2" specification="1.1" username="admin" password="admin" brokerURL="tcp://localhost:61616" validateConnections="true" doc:name="Active MQ"/>
    <jms:activemq-connector name="Active_MQ3" specification="1.1" username="admin" password="admin" brokerURL="tcp://localhost:61616" validateConnections="true" doc:name="Active MQ"/>
    <flow name="apache-activemq-appFlow">
        <http:listener config-ref="HTTP_Listener_Configuration" path="/mq" allowedMethods="post" doc:name="HTTP"/>
        <object-to-string-transformer doc:name="Object to String"/>
        <jms:outbound-endpoint topic="TestTopic" connector-ref="Active_MQ" doc:name="JMS"/>
        <set-payload value="Message Published to ActiveMQ" doc:name="Set Payload"/>
    </flow>
    <flow name="apache-activemq-appFlow1">
        <jms:inbound-endpoint topic="TestTopic" connector-ref="Active_MQ2" doc:name="JMS"/>
        <file:outbound-endpoint path="src\test\resources\out" responseTimeout="10000" doc:name="File"/>
    </flow>
    <flow name="apache-activemq-appFlow2">
        <jms:inbound-endpoint topic="TestTopic" connector-ref="Active_MQ3" doc:name="JMS"/>
        <file:outbound-endpoint path="src\test\resources\out1" responseTimeout="10000" doc:name="File"/>
    </flow>
</mule>
