<?xml version="1.0" encoding="UTF-8"?>
<mule xmlns:vm="http://www.mulesoft.org/schema/mule/vm" xmlns:doc="http://www.mulesoft.org/schema/mule/documentation" xmlns="http://www.mulesoft.org/schema/mule/core" xmlns:apikit="http://www.mulesoft.org/schema/mule/apikit" xmlns:http="http://www.mulesoft.org/schema/mule/http" xmlns:spring="http://www.springframework.org/schema/beans" xmlns:xsi="http://www.w3.org/2001/XMLSchema-instance" xsi:schemaLocation="http://www.mulesoft.org/schema/mule/core http://www.mulesoft.org/schema/mule/core/current/mule.xsd
http://www.mulesoft.org/schema/mule/http http://www.mulesoft.org/schema/mule/http/current/mule-http.xsd
http://www.mulesoft.org/schema/mule/apikit http://www.mulesoft.org/schema/mule/apikit/current/mule-apikit.xsd
http://www.springframework.org/schema/beans http://www.springframework.org/schema/beans/spring-beans-3.1.xsd
http://www.mulesoft.org/schema/mule/vm http://www.mulesoft.org/schema/mule/vm/current/mule-vm.xsd">
    <http:listener-config name="book-service-api-httpListenerConfig" host="0.0.0.0" port="8081" doc:name="HTTP Listener Configuration"/>
    <apikit:config name="book-service-api-config" raml="book-service-api.raml" consoleEnabled="false" doc:name="Router"/>
    <flow name="book-service-api-main">
        <http:listener config-ref="book-service-api-httpListenerConfig" path="/api/*" doc:name="HTTP"/>
        <apikit:router config-ref="book-service-api-config" doc:name="APIkit Router"/>
        <exception-strategy ref="book-service-api-apiKitGlobalExceptionMapping" doc:name="Reference Exception Strategy"/>
    </flow>
    <flow name="book-service-api-console">
        <http:listener config-ref="book-service-api-httpListenerConfig" path="/console/*" doc:name="HTTP"/>
        <apikit:console config-ref="book-service-api-config" doc:name="APIkit Console"/>
    </flow>
    <flow name="get:/author:book-service-api-config">
        <http:listener config-ref="book-service-api-httpListenerConfig" path="/hello" doc:name="HTTP"/>
        <vm:outbound-endpoint exchange-pattern="request-response" path="bookstoreFlow" connector-ref="VM" doc:name="VM"/>

    </flow>
    <flow name="get:/book:book-service-api-config">
        <set-payload value="[{&quot;BookTitle&quot;:&quot;DataScience&quot;,&quot;Author&quot;:&quot;JAmes&quot;,&quot;YOP&quot;:2005,&quot;Cost&quot;:200},&#xA;{&quot;BookTitle&quot;:&quot;HowToPrepare&quot;,&quot;Author&quot;:&quot;Collen&quot;,&quot;YOP&quot;:1999,&quot;Cost&quot;:300}]" doc:name="Set Payload"/>
    </flow>
    <flow name="get:/book/{bookTitle}:book-service-api-config">
        <set-payload value="{&quot;BookTitle&quot;:&quot;HowToPrepare&quot;,&quot;Author&quot;:&quot;Collen&quot;,&quot;YOP&quot;:1999,&quot;Cost&quot;:300}" doc:name="Set Payload"/>
    </flow>
    <flow name="post:/author:book-service-api-config">
        <set-payload value="{&quot;Message&quot;:&quot;Book Added Successfully(Not Really)&quot;}" doc:name="Set Payload"/>
    </flow>
    <flow name="post:/book:book-service-api-config">
        <set-payload value="{&quot;Message&quot;:&quot;Book Added Successfully(Not Really)&quot;}" doc:name="Set Payload"/>
    </flow>
    <apikit:mapping-exception-strategy name="book-service-api-apiKitGlobalExceptionMapping">
        <apikit:mapping statusCode="404">
            <apikit:exception value="org.mule.module.apikit.exception.NotFoundException" />
            <set-property propertyName="Content-Type" value="application/json" doc:name="Property"/>
            <set-payload value="{ &quot;message&quot;: &quot;Resource not found&quot; }" doc:name="Set Payload"/>
        </apikit:mapping>
        <apikit:mapping statusCode="405">
            <apikit:exception value="org.mule.module.apikit.exception.MethodNotAllowedException" />
            <set-property propertyName="Content-Type" value="application/json" doc:name="Property"/>
            <set-payload value="{ &quot;message&quot;: &quot;Method not allowed&quot; }" doc:name="Set Payload"/>
        </apikit:mapping>
        <apikit:mapping statusCode="415">
            <apikit:exception value="org.mule.module.apikit.exception.UnsupportedMediaTypeException" />
            <set-property propertyName="Content-Type" value="application/json" doc:name="Property"/>
            <set-payload value="{ &quot;message&quot;: &quot;Unsupported media type&quot; }" doc:name="Set Payload"/>
        </apikit:mapping>
        <apikit:mapping statusCode="406">
            <apikit:exception value="org.mule.module.apikit.exception.NotAcceptableException" />
            <set-property propertyName="Content-Type" value="application/json" doc:name="Property"/>
            <set-payload value="{ &quot;message&quot;: &quot;Not acceptable&quot; }" doc:name="Set Payload"/>
        </apikit:mapping>
        <apikit:mapping statusCode="400">
            <apikit:exception value="org.mule.module.apikit.exception.BadRequestException" />
            <set-property propertyName="Content-Type" value="application/json" doc:name="Property"/>
            <set-payload value="{ &quot;message&quot;: &quot;Bad request&quot; }" doc:name="Set Payload"/>
        </apikit:mapping>
    </apikit:mapping-exception-strategy>
</mule>
